Question_No,Section,Question_Text,Answer_Type,Options,Is_Scored,Weight,Prefill_Source_Key
1,General Information,Name of the health facility:,text,,No,1.0,facilityName
2,General Information,State:,text,,No,1.0,provinceName
3,General Information,County:,text,,No,1.0,districtName
4,General Information,Payam:,text,,No,1.0,
5,General Information,Boma:,text,,No,1.0,
6,General Information,Health Facility Ownership:,select,Government | INGO | FBO | CBO/NNGO | Others (Specify),No,1.0,
7,General Information,[1.4.(a)] Is the health facility supported by NGO?,yes_no,Yes | No,No,1.0,
8,General Information,"[1.4.(b)] If Yes, which NGO/s supports the health facility? (Give all supporting NGO/s)",text,,No,1.0,
9,General Information,Date of Visit:,date,,No,1.0,
10,General Information,Date of previous supervision:,date,,No,1.0,
11,General Information,Name and title of the contacted person or supervisee (Supervisee 1 - Name / Title):,text,,No,1.0,
12,General Information,Name and title of the contacted person or supervisee (Supervisee 2 - Name / Title):,text,,No,1.0,
13,General Information,Name and title of the contacted person or supervisee (Supervisee 3 - Name / Title):,text,,No,1.0,
14,General Information,[1.7.(a)] Total catchment area population:,number,,No,1.0,
15,General Information,[1.7.(b)] Estimated target population for the year - Estimated births:,number,,No,1.0,
16,General Information,[1.7.(b)] Estimated target population for the year - Estimated pregnant women (PW):,number,,No,1.0,
17,General Information,Are there unreached populations?,yes_no,Yes | No,No,1.0,
18,General Information,[1.9.(a)] How many villages are there in the health facility catchment area?,number,,No,1.0,
19,General Information,[1.9.(b)] How many villages are unreached?,number,,No,1.0,
20,General Information,[10.] When was the last time staff in this health facility attended EPI training?,date,,No,1.0,
21,General Information,"[11.] Are there any RSS/MOH EPI reference materials in the facility? If yes, specify:",yes_no,Yes | No,Yes,1.0,
22,General Information,"[11.] If Yes, specify which RSS/MOH EPI reference materials are in the facility:",text,,No,1.0,
23,II. EPI Plan,[2.1.] Is there an existing EPI micro plan?,yes_no,Yes | No,Yes,1.0,
24,II. EPI Plan,[2.2.] Is the microplan updated quarterly?,yes_no,Yes | No,Yes,1.0,
25,II. EPI Plan,[2.3.] Is social mobilization and communication included in the EPI microplan?,yes_no,Yes | No,Yes,1.0,
26,II. EPI Plan,"[2.4.] Is there annual and quarterly vaccine, AD syringe, mixing syringe and safety box forecast for the health facility?",yes_no,Yes | No,Yes,1.0,
27,II. EPI Plan,[2.5.] Number of monthly EPI sessions planned - Static:,number,,No,1.0,
28,II. EPI Plan,[2.5.] Number of monthly EPI sessions planned - Outreach:,number,,No,1.0,
29,II. EPI Plan,[2.5.] Number of monthly EPI sessions planned - Mobile:,number,,No,1.0,
30,II. EPI Plan,[2.6.] Number of monthly EPI sessions implemented - Static:,number,,No,1.0,
31,II. EPI Plan,[2.6.] Number of monthly EPI sessions implemented - Outreach:,number,,No,1.0,
32,II. EPI Plan,[2.6.] Number of monthly EPI sessions implemented - Mobile:,number,,No,1.0,
33,III. EPI Routine Immunization Session Observations,"[3.1.] Are the vaccine and diluents brought to the session in a small plastic bag, under a foam pad, in a vaccine carrier with four conditioned ice packs?",yes_no,Yes | No,Yes,1.0,
34,III. EPI Routine Immunization Session Observations,[3.2.] Are all vaccines and diluents available during the session?,yes_no,Yes | No,Yes,1.0,
35,III. EPI Routine Immunization Session Observations,[3.3.] Are the diluents of BCG and Measles the ones provided by the manufacturer for that same vaccine?,yes_no,Yes | No,Yes,1.0,
36,III. EPI Routine Immunization Session Observations,[3.4.] Are there sufficient syringes/needles for reconstituting and administering the vaccines?,yes_no,Yes | No,Yes,1.0,
37,III. EPI Routine Immunization Session Observations,[3.5.] Does the vaccinator verify the infant's age and review records for vaccination?,yes_no,Yes | No,Yes,1.0,
38,III. EPI Routine Immunization Session Observations,"[3.6.] Are all the vaccines given in the correct sites, using the correct doses, and the correct route of administration?",yes_no,Yes | No,Yes,1.0,
39,III. EPI Routine Immunization Session Observations,[3.7.] Are used needles and syringes immediately placed in a safety box following administration of the vaccine?,yes_no,Yes | No,Yes,1.0,
40,III. EPI Routine Immunization Session Observations,[3.8.] Does the vaccinator deliver all the five (5) key messages of immunization to parents/care-givers?,yes_no,Yes | No,Yes,1.0,
41,III. EPI Routine Immunization Session Observations,[3.9.] Is the vaccinator asking care-givers to wait for 30 minutes after vaccination?,yes_no,Yes | No,Yes,1.0,
42,III. EPI Routine Immunization Session Observations,[3.10.] Comments / Observations on EPI Routine Immunization Session:,text,,No,1.0,
43,IV. EPI Monitoring and Supervision,[4.1.] What is the percentage of infants immunized against the total catchment area (% coverage) last month? - Penta 1 coverage (%):,number,,No,1.0,
44,IV. EPI Monitoring and Supervision,[4.1.] What is the percentage of infants immunized against the total catchment area (% coverage) last month? - Penta 3 coverage (%):,number,,No,1.0,
45,IV. EPI Monitoring and Supervision,[4.1.] What is the percentage of infants immunized against the total catchment area (% coverage) last month? - MCV coverage (%):,number,,No,1.0,
46,IV. EPI Monitoring and Supervision,[4.1.] What is the percentage of pregnant women immunized against the total catchment area (% coverage) last month? - Td2+ coverage (%):,number,,No,1.0,
47,IV. EPI Monitoring and Supervision,[4.2.] What is the current dropout rate for Penta 1 to Penta 3 (%)?,number,,No,1.0,
48,IV. EPI Monitoring and Supervision,[4.2.] What is the current dropout rate for Penta 1 to MCV (%)?,number,,No,1.0,
49,IV. EPI Monitoring and Supervision,Did any county EPI staff visit this health facility in the last quarter?,yes_no,Yes | No,Yes,1.0,
50,IV. EPI Monitoring and Supervision,[4.] Was there any support supervision feedback after the visit? (Observe for record of feedback),yes_no,Yes | No,Yes,1.0,
51,V. Waste Management and Injection Safety,"[5.1.] Are there sufficient amounts of AD syringes, reconstitution syringes, and safety boxes to use for the vaccine quantities in stock?",yes_no,Yes | No,Yes,1.0,
52,V. Waste Management and Injection Safety,[5.2.] Are safety boxes used for disposal of used needles and syringes?,yes_no,Yes | No,Yes,1.0,
53,V. Waste Management and Injection Safety,[5.3.] Do you use one mixing syringe for reconstituting one vial of vaccine?,yes_no,Yes | No,Yes,1.0,
54,V. Waste Management and Injection Safety,[5.4.] Are needles separated from the syringe after use?,yes_no,Yes | No,Yes,1.0,
55,V. Waste Management and Injection Safety,[5.5.] Is there a hand washing facility in the vaccination site?,yes_no,Yes | No,Yes,1.0,
56,V. Waste Management and Injection Safety,[5.6.] At the end of the EPI sessions does the vaccinator take care to leave the immunization site safe and clean?,yes_no,Yes | No,Yes,1.0,
57,V. Waste Management and Injection Safety,[5.7.] Has the facility reported/recorded any AEFI case in the last 3 months?,yes_no,Yes | No,No,1.0,
58,V. Waste Management and Injection Safety,[5.8.] Does the vaccinator know what can be done when there is an AEFI case?,yes_no,Yes | No,Yes,1.0,
59,VI. VPD Surveillance,[6.1.] Are there surveillance case definition charts/posters for priority diseases posted on the wall?,yes_no,Yes | No,Yes,1.0,
60,VI. VPD Surveillance,"[6.2.] Does the vaccinator/surveillance focal point/clinician know the case definitions for AFP, Measles and NNT?",yes_no,Yes | No,Yes,1.0,
61,VI. VPD Surveillance,[6.3.] Does the vaccinator/surveillance focal point/clinician update VPD cases in the EPI monitoring chart?,yes_no,Yes | No,Yes,1.0,
62,VI. VPD Surveillance,[7.4.] Are there VPD case-based investigation forms and surveillance guidelines at the health facility?,yes_no,Yes | No,Yes,1.0,
63,VI. VPD Surveillance,"[7.5.] If yes, specify the VPD case-based investigation forms and surveillance guidelines available:",text,,No,1.0,
64,VII. Community Mobilization / Community Involvement,[7.1.] Are there social mobilization activities being carried out for immunization in the catchment areas?,yes_no,Yes | No,Yes,1.0,
65,VII. Community Mobilization / Community Involvement,[7.2.] Is any mobilizer assigned to the facility?,yes_no,Yes | No,Yes,1.0,
66,VII. Community Mobilization / Community Involvement,[7.3.] Is there community involvement in outreach site selection?,yes_no,Yes | No,Yes,1.0,
67,VII. Community Mobilization / Community Involvement,[7.4.] Is there community involvement in scheduling outreach sessions?,yes_no,Yes | No,Yes,1.0,
68,VII. Community Mobilization / Community Involvement,[7.5.] Is there community involvement in mobilizing mothers?,yes_no,Yes | No,Yes,1.0,
69,VII. Community Mobilization / Community Involvement,"[7.6.] Does the Boma Health committee meet monthly? If yes, is EPI part of the agenda?",yes_no,Yes | No,Yes,1.0,
70,VII. Community Mobilization / Community Involvement,[7.7.] Do vaccinators conduct health education sessions before vaccination regularly? (Observe),yes_no,Yes | No,Yes,1.0,
71,VII. Community Mobilization / Community Involvement,[7.8.] Is there a defaulter tracing mechanism?,yes_no,Yes | No,Yes,1.0,
72,VII. Community Mobilization / Community Involvement,"[7.8.] If yes, specify the defaulter tracing mechanism:",text,,No,1.0,
73,VII. Community Mobilization / Community Involvement,[7.9.] Is the integration of EPI services into other health services conducted in this health facility?,yes_no,Yes | No,Yes,1.0,
74,VII. Community Mobilization / Community Involvement,"[7.9.] If yes, specify which other health services EPI is integrated with:",text,,No,1.0,
75,VIII. Support from Higher Level,[8.1.] Is there feedback from the county or state levels on the health facility monthly EPI performance?,yes_no,Yes | No,Yes,1.0,
76,VIII. Support from Higher Level,[8.2.] Did you receive support for immunization activities implemented last month such as for outreach directly or indirectly?,yes_no,Yes | No,Yes,1.0,
77,IX. Observations by Supervisor,"[9.1.] Are all vaccines available at the time of visit? (Check BCG and diluent, OPV and Droppers, Measles and Diluent, Td, Penta and IPV)",yes_no,Yes | No,Yes,1.0,
78,IX. Observations by Supervisor,"[9.2.] If any vaccine or diluent is out of stock, indicate the duration of stockout (in days):",number,,No,1.0,
79,IX. Observations by Supervisor,[9.3.] Are all vaccines in a usable condition? (Review against below checklists),yes_no,Yes | No,Yes,1.0,
80,IX. Observations by Supervisor,"[9.4.] Are all injection supplies available at the time of visit? (Check 5ml, 2ml, AD 0.5ml, AD 0.05ml, Safety Boxes)",yes_no,Yes | No,Yes,1.0,
81,IX. Observations by Supervisor,"[9.5.] If any of the injection supplies is out of stock, indicate the duration of stockout (in days):",number,,No,1.0,
82,IX. Observations by Supervisor,[9.6.] Do you know when to place an order for vaccines and supplies refill?,yes_no,Yes | No,Yes,1.0,
83,IX. Observations by Supervisor,[9.7.] Note: Orders should be placed before stockout occurs (at least 2 weeks). Does the health worker order vaccines at least 2 weeks before stockout?,yes_no,Yes | No,Yes,1.0,
84,IX. Observations by Supervisor,[9.8.] What is the correct storage temperature for vaccines when they are at the facility? (Enter observed/stated temperature range),text,,No,1.0,
85,IX. Observations by Supervisor,"[9.9.] Is there a temperature monitoring device in use for monitoring cold chain temperature? (Thermometer, fridge-tags, others)",yes_no,Yes | No,Yes,1.0,
86,IX. Observations by Supervisor,[9.10.] Does the health worker know how to read and interpret temperature monitoring devices?,yes_no,Yes | No,Yes,1.0,
87,IX. Observations by Supervisor,"[9.11.] Is there a temperature monitoring chart at the facility? Is the temperature monitoring chart updated twice per day, every day?",yes_no,Yes | No,Yes,1.0,
88,IX. Observations by Supervisor,[9.12.] Is there evidence that vaccines have been exposed to temperature greater than 8 degrees C or less than 2 degrees C?,yes_no,Yes | No,Yes,1.0,
89,IX. Observations by Supervisor,[9.13.] Can you tell me some of the vaccines that are sensitive to high temperature exposure?,text,,No,1.0,
90,IX. Observations by Supervisor,[9.14.] Can you tell me what VVM is and which VVM stages are usable?,text,,No,1.0,
91,IX. Observations by Supervisor,[9.15.] Can you tell me some of the vaccines that are sensitive to freezing temperature?,text,,No,1.0,
92,IX. Observations by Supervisor,[9.16.] Is this health facility using appropriate tally sheets and reporting formats?,yes_no,Yes | No,Yes,1.0,
93,IX. Observations by Supervisor,[9.17.] Are the used tally sheets and reporting formats appropriately filed?,yes_no,Yes | No,Yes,1.0,
94,IX. Observations by Supervisor,[9.18.] Are the reports completed for all three previous months?,yes_no,Yes | No,Yes,1.0,
95,IX. Observations by Supervisor,[9.19.] Verify the validity of doses by checking the age of the child when he/she received the vaccine. Are doses verified as valid?,yes_no,Yes | No,Yes,1.0,
96,IX. Observations by Supervisor,[9.20.] Number of Penta 1 doses received before the age of 6 weeks in the previous one month:,number,,No,1.0,
97,IX. Observations by Supervisor,[9.21.] Number of measles doses received before the age of 9 months in the previous one month:,number,,No,1.0,
98,IX. Observations by Supervisor,[9.22.] Number of children vaccinated after age one year and misclassified and reported as under one in the previous one month:,number,,No,1.0,
99,IX. Observations by Supervisor,[9.23.] Are birth dates for all children documented in the child register for immunization?,yes_no,Yes | No,Yes,1.0,
100,IX. Observations by Supervisor,[9.24.] Are all dates for vaccine receipt documented?,yes_no,Yes | No,Yes,1.0,
101,IX. Observations by Supervisor,[9.25.] Is vaccine wastage monitored?,yes_no,Yes | No,Yes,1.0,
102,IX. Observations by Supervisor,"[9.26.] If yes, indicate the wastage rate of BCG (%):",number,,No,1.0,
103,IX. Observations by Supervisor,"[9.26.] If yes, indicate the wastage rate of Measles (%):",number,,No,1.0,
104,IX. Observations by Supervisor,"[9.26.] If yes, indicate the wastage rate of Penta (%):",number,,No,1.0,
105,IX. Observations by Supervisor,"[9.26.] If yes, indicate the wastage rate of OPV (%):",number,,No,1.0,
106,IX. Observations by Supervisor,"[9.26.] If yes, indicate the wastage rate of Td (%):",number,,No,1.0,
107,X. Client Exit Interview,Exit interview instructions: Interview at least 5 clients for the facility visited. Were parents/caregivers told about the vaccine and side effects? (Number of 'Yes' responses out of 5 clients),number,,Yes,1.0,
108,X. Client Exit Interview,Were the clients told about the disease the vaccine will protect the child against? (Number of 'Yes' responses out of 5 clients),number,,Yes,1.0,
109,X. Client Exit Interview,Do the clients know when to come back for the next vaccination? (Number of 'Yes' responses out of 5 clients),number,,Yes,1.0,
110,X. Client Exit Interview,Were the clients told to keep the card safe and bring it for vaccination? (Number of 'Yes' responses out of 5 clients),number,,Yes,1.0,
111,XI. Summary of the Supervision Activity,[11.0.] Status of implementation of recommendations from the most recent supportive supervision visit:,text,,No,1.0,
112,XI. Summary of the Supervision Activity,[11.1.] Strengths of the health facility (Strength 1):,text,,No,1.0,
113,XI. Summary of the Supervision Activity,[11.1.] Strengths of the health facility (Strength 2):,text,,No,1.0,
114,XI. Summary of the Supervision Activity,[11.1.] Strengths of the health facility (Strength 3):,text,,No,1.0,
115,XI. Summary of the Supervision Activity,[11.1.] Strengths of the health facility (Strength 4):,text,,No,1.0,
116,XI. Summary of the Supervision Activity,[11.1.] Strengths of the health facility (Strength 5):,text,,No,1.0,
117,XI. Summary of the Supervision Activity,[11.2.] Five major areas for improvement (Area 1):,text,,No,1.0,
118,XI. Summary of the Supervision Activity,[11.2.] Five major areas for improvement (Area 2):,text,,No,1.0,
119,XI. Summary of the Supervision Activity,[11.2.] Five major areas for improvement (Area 3):,text,,No,1.0,
120,XI. Summary of the Supervision Activity,[11.2.] Five major areas for improvement (Area 4):,text,,No,1.0,
121,XI. Summary of the Supervision Activity,[11.2.] Five major areas for improvement (Area 5):,text,,No,1.0,
122,XI. Summary of the Supervision Activity,[11.3.] Recommendation 1 - Description:,text,,No,1.0,
123,XI. Summary of the Supervision Activity,[11.3.] Recommendation 1 - Responsible person/agency:,text,,No,1.0,
124,XI. Summary of the Supervision Activity,[11.3.] Recommendation 1 - Target date:,date,,No,1.0,
125,XI. Summary of the Supervision Activity,[11.3.] Recommendation 2 - Description:,text,,No,1.0,
126,XI. Summary of the Supervision Activity,[11.3.] Recommendation 2 - Responsible person/agency:,text,,No,1.0,
127,XI. Summary of the Supervision Activity,[11.3.] Recommendation 2 - Target date:,date,,No,1.0,
128,XI. Summary of the Supervision Activity,[11.3.] Recommendation 3 - Description:,text,,No,1.0,
129,XI. Summary of the Supervision Activity,[11.3.] Recommendation 3 - Responsible person/agency:,text,,No,1.0,
130,XI. Summary of the Supervision Activity,[11.3.] Recommendation 3 - Target date:,date,,No,1.0,
131,XI. Summary of the Supervision Activity,[11.3.] Recommendation 4 - Description:,text,,No,1.0,
132,XI. Summary of the Supervision Activity,[11.3.] Recommendation 4 - Responsible person/agency:,text,,No,1.0,
133,XI. Summary of the Supervision Activity,[11.3.] Recommendation 4 - Target date:,date,,No,1.0,
134,XI. Summary of the Supervision Activity,[11.3.] Recommendation 5 - Description:,text,,No,1.0,
135,XI. Summary of the Supervision Activity,[11.3.] Recommendation 5 - Responsible person/agency:,text,,No,1.0,
136,XI. Summary of the Supervision Activity,[11.3.] Recommendation 5 - Target date:,date,,No,1.0,
137,XI. Summary of the Supervision Activity,NB: All challenges and recommendations have to be put in the supervision book or prepare two copies and give one to supervisee. Was this done?,yes_no,Yes | No,No,1.0,
138,XI. Summary of the Supervision Activity,Name and title of supervisor:,text,,No,1.0,
139,XI. Summary of the Supervision Activity,Date of supervisor's signature:,date,,No,1.0,
